,city,city_sn,lat_wgs84,latitude,lon_wgs84,longitude,station_id,station_name,town,town_sn
0,臺中市,2.0,24.25600278,24.257753,120.52338059999998,120.51521100000001,467770,梧棲,梧棲區,118.0
1,臺東縣,22.0,22.355675,22.357445000000002,120.9037889,120.89573999999999,467540,大武,大武鄉,342.0
2,基隆市,3.0,25.13331389,25.13513,121.740475,121.73226499999998,466940,基隆,仁愛區,15.0
3,雲林縣,16.0,23.798783,23.800517000000003,120.217717,120.209572,A0K420,麥寮,麥寮鄉,179.0
4,澎湖縣,23.0,23.56550278,23.567203,119.56309440000001,119.554957,467350,澎湖,馬公市,212.0
5,屏東縣,20.0,22.00389722,22.005659,120.7463389,120.738307,467590,恆春,恆春鎮,350.0
6,新北市,6.0,25.16488889,25.166689,121.44890559999999,121.44068999999999,466900,淡水,淡水區,4.0
7,臺東縣,22.0,22.03696944,22.038771,121.5583389,121.55031699999999,467620,蘭嶼,蘭嶼鄉,351.0
8,南投縣,13.0,23.881325,23.883096,120.90805,120.89990900000001,467650,日月潭,魚池鄉,164.0
9,新北市,6.0,24.99764722,24.999447,121.44201670000001,121.43381200000002,466880,板橋,板橋區,41.0
10,金門縣,99.0,24.416667,24.418303,118.433333,118.42513100000001,A0W030,金門(東),金湖鎮,999.0
11,宜蘭縣,7.0,24.763975,24.765792,121.75652779999999,121.74834299999999,467080,宜蘭,宜蘭市,75.0
12,彰化縣,14.0,24.081389,24.08314,120.55666699999999,120.54850800000001,A0G720,彰師大,彰化市,142.0
13,臺北市,1.0,25.16207778,25.163883,121.54454720000001,121.536332,466930,竹子湖,北投區,6.0
14,嘉義縣,17.0,23.50820833,23.509974,120.81324170000002,120.805123,467530,阿里山,阿里山鄉,208.0
15,基隆市,3.0,25.627975,25.629811,122.07974440000001,122.071506,466950,彭佳嶼,中正區,11.0
16,臺北市,1.0,25.18258611,25.184391,121.5297306,121.521515,466910,鞍部,北投區,6.0
17,宜蘭縣,7.0,24.59673611,24.598557999999997,121.8573722,121.849199,467060,蘇澳,蘇澳鎮,354.0
18,南投縣,13.0,23.48761389,23.489387,120.95952220000001,120.951406,467550,玉山,信義鄉,175.0
19,新竹縣,10.0,24.82785278,24.829629,121.01421940000002,121.006019,467571,新竹,竹北市,64.0
20,桃園市,8.0,24.690285999999997,24.692083,121.40391399999999,121.39573,A0C540,拉拉山,復興區,67.0
21,桃園市,8.0,25.00674444,25.008503,121.04748611,121.039267,467050,新屋,新屋區,47.0
22,嘉義市,9.0,23.495925,23.497671,120.43290559999998,120.424783,467480,嘉義,西區,219.0
23,臺中市,2.0,24.14573611,24.147495000000003,120.684075,120.67591399999999,467490,臺中,北區,128.0
24,花蓮縣,21.0,23.97512778,23.976936,121.613275,121.60513799999998,466990,花蓮,花蓮市,150.0
25,澎湖縣,23.0,23.25695,23.258657,119.66746670000002,119.65935,467300,東吉島,望安鄉,231.0
26,花蓮縣,21.0,24.144464000000003,24.146253,121.276394,121.268245,A0Z080,合歡山,秀林鄉,108.0
27,臺南市,4.0,22.99323889,22.994974,120.20477220000001,120.196676,467410,南區中心,中西區,275.0
28,臺東縣,22.0,23.09748611,23.099281,121.37342779999999,121.365342,467610,成功,成功鎮,258.0
29,臺中市,2.0,24.38,24.381794,121.36,121.35183500000001,D2F230,武陵,和平區,104.0
30,高雄市,5.0,10.370203,10.37177,114.364286,114.356682,469020,南沙島,旗津區,329.0
31,高雄市,5.0,22.56599167,22.567733,120.31573329999999,120.30766399999999,467440,高雄,前鎮區,328.0
32,臺東縣,22.0,22.75221111,22.753994,121.1545861,121.14651699999999,467660,臺東,臺東市,297.0
33,澎湖縣,23.0,23.740011,23.741712,119.60418899999999,119.59604099999999,A0W080,吉貝,白沙鄉,198.0
34,花蓮縣,21.0,24.16,24.161807999999997,121.615,121.606851,A0T780,太魯閣,秀林鄉,108.0
35,高雄市,5.0,20.700855999999998,20.70242,116.73,116.722007,468100,東沙島,旗津區,329.0
36,雲林縣,16.0,23.63353,23.6353,120.55238999999999,120.54428,A2K570,古坑,古坑鄉,196.0
37,臺南市,4.0,23.03838611,23.040122,120.2367,120.228602,467420,永康,永康區,268.0
38,新北市,6.0,24.95903611,24.96084,121.5247,121.516499,A0A9M0,新店,新店區,50.0
39,金門縣,99.0,24.40730556,24.408935,118.28928059999998,118.28108,467110,金門,金城鎮,999.0
40,金門縣,99.0,24.425720000000002,24.42735,118.26375,118.25558999999998,A0W100,九宮碼頭,烈嶼鄉,999.0
41,臺北市,1.0,25.037658,25.03941,121.514853,121.506676,466920,臺北,中正區,36.0
42,連江縣,99.0,26.16926944,26.170981,119.92341940000001,119.91511299999999,467990,馬祖,南竿鄉,999.0
43,臺北市,1.0,25.02955,25.031330999999998,121.53628,121.528056,CAAH60,大安森林,大安區,39.0
44,臺北市,,25.0697,25.0715,121.5525,121.5443,466960,松山機場(X),松山區,
45,臺北市,,25.1342,25.136,121.5333,121.5251,A0A460,文化大學(X),士林區,
46,新北市,,25.0712,25.073,121.7812,121.773,466850,五分山(X),瑞芳區,
47,新北市,,25.0982,25.1,121.9282,121.92,A0A9K0,龍洞(X),貢寮區,
48,桃園市,,25.0803,25.0821,121.2322,121.224,466860,桃園機場(X),大園區,
49,桃園市,,24.9667,24.9685,121.1833,121.1751,A0C410,中央大學(X),中壢區,
50,桃園市,,25.1165,25.1183,121.2755,121.2673,CAC050,西濱S023K,蘆竹區,
51,桃園市,,25.0919,25.0937,121.1925,121.1843,CAC060,西濱S032K,大園區,
52,新竹縣,,24.7245,24.7263,120.9488,120.9406,CAD010,國一S105K,寶山鄉,
53,新竹縣,,24.8956,24.8974,120.9649,120.9567,CAD100,西濱N066K,新豐鄉,
54,新竹市,,24.7517,24.7535,120.905,120.8968,CAD110,西濱S082K,香山區,
55,苗栗縣,,24.4513,24.4531,120.7914,120.7832,CAE010,國一N142K,銅鑼鄉,
56,苗栗縣,,24.667,24.6688,120.894,120.8858,CAE020,國一S114K,頭份市,
57,苗栗縣,,24.5941,24.5959,120.8689,120.8607,CAE030,國一S123K,頭屋鄉,
58,苗栗縣,,24.5227,24.5245,120.829,120.8208,CAE040,國一S132K,公館鄉,
59,苗栗縣,,24.3737,24.3755,120.7574,120.7492,CAE050,國一S152K,三義鄉,
60,苗栗縣,,24.6736,24.6754,120.8555,120.8473,CAE060,國三N119K,竹南鎮,
61,苗栗縣,,24.4384,24.4402,120.6899,120.6817,CAE070,國三N151K,苑裡鎮,
62,苗栗縣,,24.5205,24.5223,120.7332,120.725,CAE080,國三S140K,通霄鎮,
63,苗栗縣,,24.3962,24.398,120.6777,120.6695,CAE090,國三S156K,苑裡鎮,
64,苗栗縣,,24.5958,24.5976,120.7394,120.7312,CAE100,西濱N107K,後龍鎮,
65,苗栗縣,,24.4472,24.4489,120.6428,120.6346,CAE110,西濱S129K,苑裡鎮,
66,臺中市,,24.203,24.2048,120.6634,120.6552,CAF010,國一N174K,西屯區,
67,臺中市,,24.2937,24.2955,120.7042,120.696,CAF020,國一S162K,后里區,
68,臺中市,,24.2353,24.2371,120.6965,120.6883,CAF030,國一S169K,神岡區,
69,臺中市,,24.1167,24.1185,120.5939,120.5857,CAF040,國一S188K,大肚區,
70,臺中市,,24.0643,24.0661,120.6691,120.6609,CAF050,國三N208K,霧峰區,
71,臺中市,,24.3067,24.3085,120.6227,120.6145,CAF060,國三S168K,清水區,
72,臺中市,,24.2722,24.274,120.6013,120.5931,CAF070,國三S173K,清水區,
73,臺中市,,24.2249,24.2267,120.5973,120.5891,CAF080,國三S178K,沙鹿區,
74,臺中市,,24.2947,24.2965,120.6513,120.6431,CAF090,國四E5K,神岡區,
75,臺中市,,24.276,24.2777,120.5477,120.5395,CAF100,西濱N151K,清水區,
76,彰化縣,,23.8738,23.8756,120.5812,120.5731,467270,田中,田中鎮,
77,彰化縣,,24.062,24.0638,120.5313,120.5231,CAG010,國一N198K,彰化市,
78,彰化縣,,23.9866,23.9883,120.5163,120.5081,CAG030,國一S207K,大村鄉,
79,彰化縣,,24.1375,24.1392,120.5297,120.5215,CAG040,國三N191K,和美鎮,
80,彰化縣,,24.1054,24.1072,120.5627,120.5545,CAG050,國三N196K,彰化市,
81,彰化縣,,24.0907,24.0925,120.6115,120.6033,CAG060,國三S202K,彰化市,
82,彰化縣,,24.1081,24.1098,120.4346,120.4264,CAG070,西濱S173K,鹿港鎮,
83,彰化縣,,23.9879,23.9896,120.3696,120.3615,CAG080,西濱S189K,芳苑鄉,
84,彰化縣,,23.8435,23.8453,120.2933,120.2851,CAG090,西濱N210K,大城鄉,
85,南投縣,,23.8489,23.667,120.28,120.783,A0l180,溪頭(X),鹿谷鄉,
86,南投縣,,23.9533,23.9551,120.6705,120.6624,CAH010,國三N223K,草屯鎮,
87,南投縣,,24.005,24.0068,120.6614,120.6532,CAH020,國三S217K,草屯鎮,
88,雲林縣,,23.7446,23.7463,120.476,120.4679,CAJ020,國一N234K,西螺鎮,
89,雲林縣,,23.7723,23.7741,120.6487,120.6406,CAJ010,國三N252K,林內鄉,
90,雲林縣,,23.7377,23.7395,120.2561,120.248,CAJ030,西濱N222K,麥寮鄉,
91,雲林縣,,23.6234,23.6251,120.1726,120.1645,CAJ040,西濱S241K,口湖鄉,
92,嘉義縣,,23.5166,23.5184,120.8154,120.8073,467730,新阿里山(X),阿里山鄉,
93,嘉義縣,,23.6086,23.6103,120.4449,120.4368,CAL010,國一N250K,大林鎮,
94,嘉義縣,,23.5123,23.5141,120.4031,120.3949,CAL020,國一S262K,民雄鄉,
95,嘉義縣,,23.4608,23.4626,120.3758,120.3677,CAL030,國一N268K,水上鄉,
96,嘉義縣,,23.4167,23.4184,120.355,120.3469,CAL040,國一N273K,水上鄉,
97,嘉義縣,,23.5961,23.5979,120.5233,120.5152,CAL050,國三N279K,大林鎮,
98,嘉義縣,,23.5357,23.5357,120.4765,120.4765,CAL060,國三S286K,民雄鄉,
99,嘉義市,,23.4686,23.4704,120.4994,120.4913,CAL070,國三N295K,東區,
100,嘉義縣,,23.4304,23.4304,120.4443,120.4443,CAL080,國三N303K,中埔鄉,
101,嘉義縣,,23.5023,23.504,120.1719,120.1638,CAL090,西濱S257K,東石鄉,
102,嘉義縣,,23.4158,23.4176,120.163,120.1548,CAL100,西濱S267K,東石鄉,
103,臺南市,,23.147,23.1487,120.0861,120.078,467780,七股(X),七股區,
104,臺南市,,23.3061,23.3078,120.2901,120.2819,CAN010,國一N288K,新營區,
105,臺南市,,23.1565,23.1583,120.2395,120.2314,CAN020,國一S306K,麻豆區,
106,臺南市,,23.0748,23.0748,120.2449,120.2449,CAN030,國一N316K,新市區,
107,臺南市,,23.0042,23.006,120.2459,120.2378,CAN040,國一N323K,永康區,
108,臺南市,,22.8993,22.8993,120.2618,120.2618,CAN050,國一N335K,仁德區,
109,臺南市,,23.3464,23.3482,120.4389,120.4308,CAN060,國三S311K,白河區,
110,臺南市,,23.2128,23.2145,120.3559,120.3477,CAN070,國三S329K,官田區,
111,臺南市,,23.1547,23.1565,120.345,120.3369,CAN080,國三N336K,官田區,
112,臺南市,,23.1067,23.1085,120.3275,120.3194,CAN090,國三S342K,善化區,
113,臺南市,,22.9095,22.9095,120.3433,120.3433,CAN100,國三S366K,關廟區,
114,臺南市,,23.3052,23.3069,120.1489,120.1408,CAN110,西濱S280K,北門區,
115,臺南市,,23.1035,23.1052,120.0867,120.0786,CAN120,西濱N304K,七股區,
116,高雄市,,22.577,22.5787,120.3503,120.3422,467400,高雄機場(X),小港區,
117,高雄市,,22.8456,22.8473,120.295,120.2869,CAP010,國一S342K,路竹區,
118,高雄市,,22.8122,22.814,120.3142,120.3061,CAP020,國一S346K,岡山區,
119,高雄市,,22.7659,22.7676,120.3289,120.3208,CAP030,國一N351K,橋頭區,
120,高雄市,,22.6806,22.6823,120.3286,120.3206,CAP040,國一N361K,仁武區,
121,高雄市,,22.8586,22.8604,120.3736,120.3655,CAP050,國三N372K,田寮區,
122,高雄市,,22.7678,22.7696,120.4445,120.4364,CAP060,國三S385K,大樹區,
123,屏東縣,,21.901,21.9028,120.8549,120.8469,467790,墾丁雷達(X),恆春鎮,
124,屏東縣,,22.4821,22.4821,120.5236,120.5236,CAQ010,國三N425K,竹田鄉,
125,屏東縣,,22.568,22.5698,120.528,120.52,CAQ020,國三S415K,南州鄉,
126,臺東縣,,22.7553,22.7571,121.1002,121.0922,467380,臺東機場(X),臺東市,
127,臺東縣,,22.0278,22.0296,121.5347,121.5267,467870,蘭嶼機場(X),蘭嶼鄉,
128,臺東縣,,22.6733,22.6751,121.4662,121.4581,467860,綠島機場(X),綠島鄉,
129,澎湖縣,,23.4001,23.4018,119.3228,119.3147,C0W130,花嶼,望安鄉,
130,澎湖縣,,23.3692,23.3709,119.5036,119.4955,ZBW020,望安機場(X),望安鄉,
131,澎湖縣,,23.213,23.2147,119.4175,119.4094,ZBW010,七美機場(X),七美鄉,
132,澎湖縣,,23.5626,23.5643,119.4684,119.4603,C0W120,西嶼,西嶼鄉,
133,金門縣,,24.4289,24.4305,118.3611,118.3529,467360,金門機場(X),金湖鎮,
134,連江縣,,26.3588,26.3605,120.4836,120.4753,CAW010,東引,東引鄉,
135,連江縣,,26.2242,26.2259,120.0028,119.9945,467880,北竿機場(X),北竿鄉,
136,連江縣,,26.1597,26.1614,119.9503,119.9425,467890,南竿機場(X),南竿鄉,
0,新北市,6.0,,24.976719,,121.39378899999998,C0A520,山佳,樹林區,46.0
1,新北市,6.0,,24.778333,,121.494583,C0A560,福山,烏來區,61.0
2,屏東縣,20.0,,21.90265,,120.84724399999999,C0R620,墾雷,恆春鎮,350.0
3,新北市,6.0,,24.940806,,121.3615,C0AC60,三峽,三峽區,57.0
4,臺南市,4.0,,22.994972,,120.14411100000001,C0X190,安平,安平區,276.0
5,雲林縣,16.0,,23.680772,,120.38743600000001,C0K390,土庫,土庫鎮,189.0
6,新北市,6.0,,25.019167000000003,,121.93416699999999,C0A880,福隆,貢寮區,27.0
7,宜蘭縣,7.0,,24.964408,,121.88065800000001,C0UA70,桃源谷,頭城鎮,51.0
8,南投縣,13.0,,24.13355,,121.28755600000001,C0I530,小奇萊,仁愛鄉,122.0
9,桃園市,8.0,,24.914139000000002,,121.134833,C0C660,楊梅,楊梅區,56.0
10,彰化縣,14.0,,23.854225,,120.312789,C0G740,大城,大城鄉,169.0
11,嘉義縣,17.0,,23.602361,,120.450281,C0M670,大林,大林鎮,202.0
12,花蓮縣,21.0,,23.456944,,121.486667,C0T9M0,靜浦,豐濱鄉,188.0
13,臺南市,4.0,,23.195028,,120.307528,C0X130,官田,官田區,248.0
14,花蓮縣,21.0,,23.323306,,121.331556,C0Z061,玉里,玉里鎮,221.0
15,臺中市,2.0,,24.094389000000003,,120.692194,C0F9N0,大里,大里區,141.0
16,嘉義市,9.0,,23.459414000000002,,120.452408,C0M730,嘉義市東區,東區,217.0
17,嘉義縣,17.0,,23.494611,,120.2825,C0M740,六腳,六腳鄉,214.0
18,臺中市,2.0,,24.256306,,120.712333,C0F9M0,豐原,豐原區,117.0
19,宜蘭縣,7.0,,24.843392,,121.944947,C0U750,龜山島,頭城鎮,51.0
20,臺中市,2.0,,24.182028,,120.632861,C0F9T0,西屯,西屯區,125.0
21,嘉義縣,17.0,,23.495832999999998,,120.691111,C0M530,奮起湖,竹崎鄉,215.0
22,雲林縣,16.0,,23.722303,,120.532972,C0K400,斗六,斗六市,355.0
23,花蓮縣,21.0,,23.811736,,121.53168600000001,C0T9A0,月眉山,壽豐鄉,161.0
24,雲林縣,16.0,,23.680478,,120.47023100000001,C0K460,斗南,斗南鎮,193.0
25,臺東縣,22.0,,22.919517000000003,,121.11490800000001,C0S710,鹿野,鹿野鄉,274.0
26,南投縣,13.0,,23.897478,,120.933219,C0I370,魚池,魚池鄉,164.0
27,高雄市,5.0,,22.805944,,120.347444,C0V400,阿公店,燕巢區,296.0
28,臺東縣,22.0,,23.25,,120.97805600000001,C0S750,向陽,海端鄉,240.0
29,嘉義縣,17.0,,23.456792,,120.32330300000001,C0M680,太保,太保市,218.0
30,屏東縣,20.0,,22.586642,,120.53539199999999,C0R650,竹田,竹田鄉,322.0
31,臺南市,4.0,,23.012167,,120.186333,C0X100,臺南市北區,北區,357.0
32,苗栗縣,11.0,,24.63875,,120.856583,C0E740,造橋,造橋鄉,90.0
33,臺南市,4.0,,23.2321,,120.174072,C0X220,學甲,學甲區,239.0
34,苗栗縣,11.0,,24.58525,,120.877222,C0E550,明德,頭屋鄉,94.0
35,宜蘭縣,7.0,,24.562447,,121.744417,C0UA40,西德山,南澳鄉,93.0
36,屏東縣,20.0,,22.545194,,120.4535,C0R560,新園,新園鄉,333.0
37,臺南市,4.0,,23.228686,,120.248153,C0X060,下營,下營區,242.0
38,雲林縣,16.0,,23.688211,,120.595289,C0K560,棋山,古坑鄉,196.0
39,屏東縣,20.0,,22.589610999999998,,120.48238899999998,C0R510,萬丹,萬丹鄉,327.0
40,臺中市,2.0,,24.314028,,120.554083,C0F9P0,清水,清水區,112.0
41,臺北市,1.0,,25.130925,,121.56885600000001,C0AH40,平等,士林區,7.0
42,屏東縣,20.0,,22.711667000000002,,120.63188899999999,C0R150,三地門,內埔鄉,310.0
43,臺南市,4.0,,23.023139,,120.33980600000001,C0O970,虎頭埤,新化區,267.0
44,彰化縣,14.0,,23.853347,,120.490944,C0G720,溪州,溪州鄉,174.0
45,臺中市,2.0,,24.277822,,120.769478,C0F0B0,石岡,石岡區,116.0
46,臺東縣,22.0,,22.610825,,120.977275,C0S690,太麻里,太麻里鄉,312.0
47,屏東縣,20.0,,22.661944000000002,,120.48361100000001,C0R170,屏東,屏東市,309.0
48,彰化縣,14.0,,24.150528,,120.47616699999999,C0G890,伸港,伸港鄉,126.0
49,宜蘭縣,7.0,,24.792835999999998,,121.666839,C0U870,大礁溪,礁溪鄉,65.0
50,臺南市,4.0,,23.216732999999998,,120.127656,C0X280,將軍,將軍區,245.0
51,臺北市,1.0,,25.177332999999997,,121.51416699999999,C0AC40,大屯山,北投區,6.0
52,南投縣,13.0,,24.111019,,121.318297,C0I540,奇萊稜線A,仁愛鄉,122.0
53,南投縣,13.0,,24.039567,,120.846925,C0I420,國姓,國姓鄉,139.0
54,高雄市,5.0,,22.824944,,120.228806,C0V620,永安,永安區,293.0
55,屏東縣,20.0,,22.828222,,120.592722,C0R470,高樹,高樹鄉,290.0
56,雲林縣,16.0,,23.692672,,120.295503,C0K430,褒忠,褒忠鄉,191.0
57,南投縣,13.0,,23.975444,,120.67219399999999,C0H960,草屯,草屯鎮,152.0
58,新北市,6.0,,25.234932999999998,,121.586997,C0A930,三和,金山區,3.0
59,花蓮縣,21.0,,23.897056,,121.54169399999999,C0Z100,東華,壽豐鄉,161.0
60,新北市,6.0,,25.076228,,121.419053,C0AI00,五股,五股區,17.0
61,高雄市,5.0,,22.740278,,120.43861100000001,C0V350,溪埔,大樹區,300.0
62,高雄市,5.0,,22.590417000000002,,120.27788899999999,C0V500,旗津,旗津區,329.0
63,花蓮縣,21.0,,23.346047,,121.295197,C0Z170,卓溪,卓溪鄉,207.0
64,宜蘭縣,7.0,,24.507222,,121.5175,C0U710,太平山,大同鄉,81.0
65,澎湖縣,23.0,,23.564311,,119.460328,C0W120,西嶼,西嶼鄉,200.0
66,嘉義縣,17.0,,23.587147,,120.54746399999999,C0M770,嘉義梅山,梅山鄉,210.0
67,臺北市,1.0,,25.117583,,121.505889,C0A9B0,石牌,北投區,6.0
68,臺中市,2.0,,24.434519,,121.29562800000001,C0F9Y0,桃山A,和平區,104.0
69,苗栗縣,11.0,,24.314833,,120.816194,C0E790,卓蘭,卓蘭鎮,109.0
70,臺南市,4.0,,23.221472,,120.489222,C0O810,曾文,楠西區,246.0
71,屏東縣,20.0,,22.516639,,120.498972,C0R520,崁頂,崁頂鄉,334.0
72,彰化縣,14.0,,23.812778,,120.60902800000001,C0G880,二水,二水鄉,177.0
73,臺南市,4.0,,23.258981,,120.365458,C0X270,柳營,柳營區,238.0
74,彰化縣,14.0,,23.879222,,120.506528,C0G840,北斗,北斗鎮,171.0
75,花蓮縣,21.0,,24.345722,,121.64814199999999,C0Z220,和平林道,秀林鄉,108.0
76,屏東縣,20.0,,22.372167,,120.62025,C0R260,春日,春日鄉,343.0
77,宜蘭縣,7.0,,24.451153,,121.80203600000002,C0U770,南澳,南澳鄉,93.0
78,宜蘭縣,7.0,,24.899333,,121.784231,C0U950,鶯子嶺,頭城鎮,51.0
79,新北市,6.0,,25.130833,,121.915278,C0A950,鼻頭角,瑞芳區,18.0
80,彰化縣,14.0,,23.877003,,120.566469,C0G760,高鐵彰化,田中鎮,170.0
81,花蓮縣,21.0,,23.58975,,121.37038899999999,C0Z080,富源,光復鄉,194.0
82,臺南市,4.0,,22.963028,,120.18041699999999,C0X110,臺南市南區,南區,281.0
83,新竹縣,10.0,,24.76925,,121.049861,C0D560,竹東,竹東鎮,73.0
84,高雄市,5.0,,22.900555999999998,,120.51111100000001,C0V310,美濃,美濃區,282.0
85,彰化縣,14.0,,24.076944,,120.42222199999999,C0G640,鹿港,鹿港鎮,140.0
86,彰化縣,14.0,,24.017222,,120.613056,C0G620,芬園,芬園鄉,148.0
87,臺東縣,22.0,,23.0413,,121.166931,C0S890,關山,關山鎮,262.0
88,雲林縣,16.0,,23.597319,,120.68534199999999,C0K240,草嶺,古坑鄉,196.0
89,新北市,6.0,,24.953000000000003,,121.33725,C0AD50,鶯歌,鶯歌區,54.0
90,臺南市,4.0,,23.058528,,120.400444,C0X200,左鎮,左鎮區,266.0
91,南投縣,13.0,,23.829972,,120.793328,C0I380,集集,集集鎮,176.0
92,臺北市,1.0,,25.079722,,121.534722,C0A9A0,大直,中山區,26.0
93,宜蘭縣,7.0,,24.719928,,121.679461,C0U900,內城,員山鄉,74.0
94,臺南市,4.0,,23.081611,,120.486944,C0O830,北寮,南化區,244.0
95,臺中市,2.0,,24.138861,,120.63011100000001,C0F9U0,南屯,南屯區,129.0
96,花蓮縣,21.0,,24.181389000000003,,121.4875,C0T820,天祥,秀林鄉,108.0
97,臺東縣,22.0,,23.071389,,121.12,C0S760,紅石,海端鄉,240.0
98,花蓮縣,21.0,,23.210556,,121.254167,C0Z020,明里,富里鄉,241.0
99,花蓮縣,21.0,,24.308961,,121.761903,C0Z230,和平,秀林鄉,108.0
100,臺南市,4.0,,22.970111,,120.249778,C0X160,仁德,仁德區,279.0
101,桃園市,8.0,,24.930528,,121.275,C0C490,八德,八德區,52.0
102,臺中市,2.0,,24.21475,,120.69583300000001,C0F9O0,潭子,潭子區,123.0
103,臺中市,2.0,,24.258617,,120.707025,CM0010,花博豐原,豐原區,117.0
104,花蓮縣,21.0,,24.149236,,121.62154199999999,C0Z190,富世,秀林鄉,108.0
105,桃園市,8.0,,25.049444,,121.21777800000001,C0C540,大園,大園區,19.0
106,臺中市,2.0,,24.174889,,120.71413899999999,C0F970,大坑,北屯區,124.0
107,嘉義縣,17.0,,23.371644,,120.23993600000001,C0M520,東後寮,義竹鄉,229.0
108,臺中市,2.0,,24.274222,,120.650306,C0F9I0,神岡,神岡區,114.0
109,嘉義縣,17.0,,23.421475,,120.380792,C0M690,水上,水上鄉,223.0
110,彰化縣,14.0,,24.042972,,120.429528,C0G770,福興,福興鄉,145.0
111,高雄市,5.0,,22.625139,,120.2675,C0V690,鼓山,鼓山區,316.0
112,新竹縣,10.0,,24.680119,,121.20036100000002,C0D360,梅花,尖石鄉,77.0
113,花蓮縣,21.0,,23.525707999999998,,121.38208600000002,C0Z210,瑞穗,瑞穗鄉,209.0
114,高雄市,5.0,,22.721528,,120.27791699999999,C0V670,楠梓,楠梓區,305.0
115,花蓮縣,21.0,,23.370732999999998,,121.374825,C0Z290,赤柯山,玉里鎮,221.0
116,桃園市,8.0,,25.030231,,121.378336,C0C680,龜山,龜山區,34.0
117,新北市,6.0,,25.133889,,121.600278,C0A870,五指山,汐止區,14.0
118,桃園市,8.0,,24.899444,,121.20638899999999,C0C650,平鎮,平鎮區,55.0
119,屏東縣,20.0,,22.536139000000002,,120.531972,C0R220,潮州,潮州鎮,332.0
120,新北市,6.0,,24.939975,,121.701531,C0A530,坪林,坪林區,53.0
121,臺南市,4.0,,23.127417,,120.19508300000001,C0X140,西港,西港區,256.0
122,屏東縣,20.0,,22.58995,,120.656922,C0R600,舊泰武,泰武鄉,318.0
123,高雄市,5.0,,22.624528,,120.32258300000001,C0V710,苓雅,苓雅區,323.0
124,彰化縣,14.0,,23.924,,120.31186100000001,C0G870,芳苑,芳苑鄉,149.0
125,屏東縣,20.0,,22.469778,,120.57483300000001,C0R550,新埤,新埤鄉,336.0
126,臺中市,2.0,,24.365503,,121.436489,C0F0E0,南湖圈谷A,和平區,104.0
127,苗栗縣,11.0,,24.541028,,120.91197199999999,C0E820,獅潭,獅潭鄉,95.0
128,花蓮縣,21.0,,23.273047000000002,,121.180172,C0Z320,清水林道,卓溪鄉,207.0
129,高雄市,5.0,,23.224167,,120.79777800000001,C0V210,復興,桃源區,353.0
130,雲林縣,16.0,,23.647817,,120.4234,C0K450,大埤,大埤鄉,199.0
131,屏東縣,20.0,,22.741342000000003,,120.522697,C0R160,鹽埔新圍,鹽埔鄉,301.0
132,高雄市,5.0,,22.702861,,120.33966699999999,C0V680,仁武,仁武區,306.0
133,臺中市,2.0,,24.312110999999998,,120.7215,C0F9L0,后里,后里區,111.0
134,嘉義縣,17.0,,23.455769,,120.741403,C0M820,達邦,阿里山鄉,208.0
135,臺中市,2.0,,24.108832999999997,,120.615917,C0F9S0,烏日,烏日區,137.0
136,臺南市,4.0,,23.223828,,120.392758,C0O840,王爺宮,六甲區,243.0
137,屏東縣,20.0,,22.432667000000002,,120.50208300000001,C0R530,林邊,林邊鄉,340.0
138,新北市,6.0,,25.114860999999998,,121.792639,C0A660,瑞芳,瑞芳區,18.0
139,新北市,6.0,,25.037861,,121.85605600000001,C0A890,雙溪,雙溪區,24.0
140,花蓮縣,21.0,,23.684706,,121.51921899999999,C0T9H0,加路蘭山,豐濱鄉,188.0
141,臺南市,4.0,,23.063556,,120.29041699999999,C0O980,新市,新市區,263.0
142,花蓮縣,21.0,,23.585708,,121.50667800000001,C0T9I0,豐濱,豐濱鄉,188.0
143,高雄市,5.0,,22.759583,,120.29769399999999,C0V760,橋頭,橋頭區,299.0
144,新北市,6.0,,24.994472000000002,,121.482222,C0AG90,中和,中和區,48.0
145,屏東縣,20.0,,22.652556,,120.519139,C0R570,麟洛,麟洛鄉,317.0
146,臺南市,4.0,,23.114444,,120.28944399999999,C0O900,善化,善化區,255.0
147,新北市,6.0,,25.259639,,121.49336100000001,C0AD00,三芝,三芝區,2.0
148,新北市,6.0,,25.265556,,121.557278,C0A920,富貴角,石門區,1.0
149,臺南市,4.0,,23.368094,,120.354211,C0X260,後壁,後壁區,230.0
150,高雄市,5.0,,22.646917000000002,,120.303278,C0V700,三民,三民區,314.0
151,雲林縣,16.0,,23.7575,,120.310833,C0K250,崙背,崙背鄉,181.0
152,雲林縣,16.0,,23.516064,,120.221625,C0K550,蔦松,水林鄉,204.0
153,新北市,6.0,,25.068667,,121.65055600000001,C0AH00,汐止,汐止區,14.0
154,花蓮縣,21.0,,23.270336,,121.29736399999999,C0Z300,東里,富里鄉,241.0
155,南投縣,13.0,,23.838817000000002,,120.693306,C0I410,名間,名間鄉,173.0
156,臺南市,4.0,,23.175,,120.13666699999999,C0X080,佳里,佳里區,250.0
157,南投縣,13.0,,24.087056,,121.16541399999998,C0I480,梅峰,仁愛鄉,122.0
158,高雄市,5.0,,23.081667000000003,,120.5825,C0V250,甲仙,甲仙區,251.0
159,嘉義縣,17.0,,23.326389000000002,,120.57361100000001,C0M410,馬頭山,大埔鄉,233.0
160,新北市,6.0,,25.167694,,121.62475,C0A860,大坪,萬里區,5.0
161,彰化縣,14.0,,23.905067000000003,,120.367928,C0G730,二林,二林鎮,155.0
162,臺南市,4.0,,23.078332999999997,,120.13666699999999,C0O950,安南,安南區,265.0
163,宜蘭縣,7.0,,24.683636,,121.74114399999999,C0U940,羅東,羅東鎮,86.0
164,臺中市,2.0,,24.390581,,121.26328600000001,C0F9Z0,雪山東峰A,和平區,104.0
165,屏東縣,20.0,,21.923578,,120.727792,C0R350,貓鼻頭,恆春鎮,350.0
166,高雄市,5.0,,22.972777999999998,,120.531778,C0V260,月眉,杉林區,269.0
167,高雄市,5.0,,22.607389,,120.387667,C0V730,大寮,大寮區,320.0
168,宜蘭縣,7.0,,24.677222,,121.57888899999999,C0U650,玉蘭,大同鄉,81.0
169,南投縣,13.0,,24.123139000000002,,121.26536100000001,C0H990,昆陽,仁愛鄉,122.0
170,苗栗縣,11.0,,24.710832999999997,,120.88083300000001,C0E420,竹南,竹南鎮,79.0
171,臺中市,2.0,,24.347444,,120.579972,C0F9K0,大安,大安區,107.0
172,新北市,6.0,,25.05325,,121.438528,C0ACA0,新莊,新莊區,33.0
173,新竹市,15.0,,24.800435999999998,,120.978742,C0D660,新竹市東區,東區,70.0
174,新北市,6.0,,24.762506,,121.57314699999999,C0AH90,福山植物園,烏來區,61.0
175,臺東縣,22.0,,22.050931,,121.50411899999999,C0S900,蘭嶼高中,蘭嶼鄉,351.0
176,金門縣,99.0,,24.459339,,118.32083100000001,C0W150,金寧,金寧鄉,999.0
177,苗栗縣,11.0,,24.608056,,120.77555600000001,C0E540,後龍,後龍鎮,91.0
178,花蓮縣,21.0,,23.798889000000003,,121.534167,C0T9F0,水璉,壽豐鄉,161.0
179,臺中市,2.0,,24.154667,,120.564,C0F000,大肚,大肚區,127.0
180,連江縣,99.0,,26.360539000000003,,120.47530800000001,C0W170,東引,東引鄉,999.0
181,雲林縣,16.0,,23.575803,,120.283672,C0K410,北港,北港鎮,203.0
182,桃園市,8.0,,24.994256,,121.315044,C0C480,桃園,桃園區,42.0
183,屏東縣,20.0,,22.684722,,120.67888899999998,C0R140,瑪家,瑪家鄉,308.0
184,花蓮縣,21.0,,23.932733,,121.587003,C0Z150,吉安光華,吉安鄉,154.0
185,臺東縣,22.0,,23.288611,,121.40388899999999,C0S830,長濱,長濱鄉,227.0
186,新竹縣,10.0,,24.800110999999998,,121.16569399999999,C0D390,關西,關西鎮,68.0
187,高雄市,5.0,,22.509583,,120.386556,C0V720,林園,林園區,335.0
188,高雄市,5.0,,22.888889000000002,,120.23644399999999,C0V640,湖內,湖內區,285.0
189,臺東縣,22.0,,22.291944,,120.88194399999999,C0S840,南田,達仁鄉,337.0
190,臺南市,4.0,,23.077444,,120.355194,C0X180,山上,山上區,260.0
191,南投縣,13.0,,23.534519,,120.835553,C0H9A0,神木村,信義鄉,175.0
192,宜蘭縣,7.0,,24.415731,,121.77506699999999,C0UA60,樟樹山,南澳鄉,93.0
193,臺中市,2.0,,24.324586,,120.674517,CM0030,花博外埔,外埔區,110.0
194,苗栗縣,11.0,,24.603167000000003,,120.99208300000001,C0E430,南庄,南庄鄉,92.0
195,臺北市,1.0,,25.111389000000003,,121.46138899999998,C0A980,社子,士林區,7.0
196,南投縣,13.0,,23.911469,,120.687331,C0I460,南投,南投市,160.0
197,臺中市,2.0,,24.349917,,120.63236100000002,C0F930,大甲,大甲區,105.0
198,桃園市,8.0,,24.871833,,121.213194,C0C670,龍潭,龍潭區,62.0
199,臺南市,4.0,,22.993514,,120.285431,C0O990,媽廟,歸仁區,271.0
200,嘉義縣,17.0,,23.553497,,120.420331,C0M760,民雄,民雄鄉,213.0
201,雲林縣,16.0,,23.651544,,120.30689199999999,C0K500,元長,元長鄉,197.0
202,南投縣,13.0,,24.035,,121.17333300000001,C0I010,廬山,仁愛鄉,122.0
203,臺北市,1.0,,25.081205999999998,,121.567222,C0A9F0,內湖,內湖區,21.0
204,新北市,6.0,,25.225278,,121.63555600000001,C0A940,金山,金山區,3.0
205,宜蘭縣,7.0,,24.866578,,121.76575,C0U980,坪林石牌,頭城鎮,51.0
206,屏東縣,20.0,,22.594139000000002,,120.60625,C0R190,赤山,萬巒鄉,319.0
207,臺中市,2.0,,24.105556,,120.743333,C0F9A0,中竹林,太平區,130.0
208,臺北市,1.0,,25.050492000000002,,121.542203,C0AH70,松山,松山區,31.0
209,花蓮縣,21.0,,24.268567,,121.73286100000001,C0T9D0,和中,秀林鄉,108.0
210,苗栗縣,11.0,,24.4167,,120.86269399999999,C0E520,大湖,大湖鄉,103.0
211,臺南市,4.0,,23.127833,,120.452472,C0O930,玉井,玉井區,254.0
212,臺東縣,22.0,,23.121389,,121.20166699999999,C0S740,池上,池上鄉,257.0
213,花蓮縣,21.0,,23.937444,,121.50080600000001,C0T870,鯉魚潭,壽豐鄉,161.0
214,桃園市,8.0,,24.822,,121.344094,C0C460,復興,復興區,67.0
215,南投縣,13.0,,24.023903,,121.12405600000001,C0I390,仁愛,仁愛鄉,122.0
216,基隆市,3.0,,25.1932,,121.775678,C0B020,基隆嶼,中正區,11.0
217,臺中市,2.0,,24.245,,121.23766699999999,C0F860,梨山,和平區,104.0
218,宜蘭縣,7.0,,24.669917,,121.644819,C0U890,三星,三星鄉,84.0
219,彰化縣,14.0,,24.002167,,120.42358300000001,C0G800,埔鹽,埔鹽鄉,151.0
220,臺中市,2.0,,24.248194,,120.824917,C0F850,東勢,東勢區,113.0
221,新北市,6.0,,25.073953,,121.372611,C0AH50,林口,林口區,16.0
222,桃園市,8.0,,25.086111,,121.2575,C0C620,蘆竹,蘆竹區,20.0
223,臺南市,4.0,,23.269517,,120.11736699999999,C0X290,北門,北門區,237.0
224,花蓮縣,21.0,,23.747917,,121.445278,C0Z160,鳳林,鳳林鎮,184.0
225,嘉義縣,17.0,,23.436364,,120.230928,C0M650,朴子,朴子市,222.0
226,新北市,6.0,,24.974944,,121.436917,C0AD40,土城,土城區,49.0
227,屏東縣,20.0,,22.421194,,120.54422199999999,C0R540,佳冬,佳冬鄉,341.0
228,屏東縣,20.0,,22.169583,,120.832528,C0R420,牡丹池山,牡丹鄉,347.0
229,雲林縣,16.0,,23.762947,,120.494247,C0K480,莿桐,莿桐鄉,185.0
230,新北市,6.0,,24.850056,,121.58963899999999,C0A570,桶後,烏來區,61.0
231,苗栗縣,11.0,,24.441457999999997,,120.64488300000001,C0E830,苑裡,苑裡鎮,102.0
232,南投縣,13.0,,23.973944,,120.944278,C0H890,埔里,埔里鎮,147.0
233,嘉義縣,17.0,,23.427144000000002,,120.514797,C0M640,中埔,中埔鄉,224.0
234,臺東縣,22.0,,22.48,,120.935278,C0S770,大溪山,太麻里鄉,312.0
235,嘉義縣,17.0,,23.605872,,120.395439,C0M660,溪口,溪口鄉,205.0
236,臺南市,4.0,,23.274339,,120.239506,C0X230,鹽水,鹽水區,234.0
237,臺東縣,22.0,,22.084864000000003,,121.487072,C0S910,蘭嶼燈塔,蘭嶼鄉,351.0
238,花蓮縣,21.0,,23.813667000000002,,121.433194,C0T900,西林,萬榮鄉,166.0
239,基隆市,3.0,,25.096608,,121.708897,C0B010,七堵,七堵區,12.0
240,新竹縣,10.0,,24.736722,,121.016769,C0D580,寶山,寶山鄉,76.0
241,宜蘭縣,7.0,,24.592053,,121.40403899999998,C0UA10,鴛鴦湖,大同鄉,81.0
242,屏東縣,20.0,,22.742278,,120.4825,C0R490,九如,九如鄉,302.0
243,臺南市,4.0,,23.312447,,120.308586,C0X250,新營,新營區,235.0
244,屏東縣,20.0,,22.464244,,120.432703,C0R640,東港,東港鎮,339.0
245,高雄市,5.0,,22.648611,,120.348056,C0V440,鳳山,鳳山區,321.0
246,臺東縣,22.0,,22.54,,120.95888899999999,C0S790,金崙,太麻里鄉,312.0
247,新竹市,15.0,,24.74865,,120.897256,C0D570,香山,香山區,69.0
248,花蓮縣,21.0,,23.476069,,121.402597,C0Z280,德武,玉里鎮,221.0
249,高雄市,5.0,,22.731944,,120.33858300000001,C0V770,大社,大社區,304.0
250,苗栗縣,11.0,,24.564417000000002,,120.740278,C0E810,西湖,西湖鄉,97.0
251,花蓮縣,21.0,,23.469722,,121.36583300000001,C0Z070,舞鶴,瑞穗鄉,209.0
252,雲林縣,16.0,,23.750435999999997,,120.60150800000001,C0K470,林內,林內鄉,186.0
253,新北市,6.0,,24.973056,,121.815278,C0A550,泰平,雙溪區,24.0
254,高雄市,5.0,,22.785583,,120.23827800000001,C0V650,彌陀,彌陀區,298.0
255,苗栗縣,11.0,,24.69,,120.90416699999999,C0E730,頭份,頭份市,999.0
256,彰化縣,14.0,,23.848356,,120.37433899999999,C0G750,竹塘,竹塘鄉,172.0
257,南投縣,13.0,,24.144778,,121.26408300000001,C0H9C0,合歡山,仁愛鄉,122.0
258,高雄市,5.0,,22.907694,,120.68,C0V790,萬山,茂林區,278.0
259,嘉義縣,17.0,,23.460653,,120.14572199999999,C0M710,東石,東石鄉,216.0
260,宜蘭縣,7.0,,24.688722,,121.790222,C0U780,五結,五結鄉,82.0
261,花蓮縣,21.0,,23.740156,,121.531975,C0Z270,蕃薯寮,壽豐鄉,161.0
262,宜蘭縣,7.0,,24.523767000000003,,121.82498600000001,C0U760,東澳,南澳鄉,93.0
263,高雄市,5.0,,22.676689,,120.27685,C0V810,左營,左營區,311.0
264,新竹縣,10.0,,24.872435999999997,,120.969,C0D590,新豐,新豐鄉,58.0
265,宜蘭縣,7.0,,24.529611,,121.51084399999999,C0UA30,白嶺,大同鄉,81.0
266,臺北市,1.0,,25.119253,,121.528939,C0A9C0,天母,士林區,7.0
267,南投縣,13.0,,23.691389,,120.84277800000001,C0I080,信義,信義鄉,175.0
268,高雄市,5.0,,22.629110999999998,,120.29058300000001,C0V490,新興,新興區,324.0
269,花蓮縣,21.0,,23.494642000000002,,121.29876399999999,C0Z250,瑞穗林道,卓溪鄉,207.0
270,宜蘭縣,7.0,,24.578356,,121.487153,C0UA00,土場,大同鄉,81.0
271,臺南市,4.0,,23.149036,,120.07816399999999,C0X310,七股,七股區,253.0
272,雲林縣,16.0,,23.676692000000003,,120.244675,C0K520,雲林東勢,東勢鄉,192.0
273,苗栗縣,11.0,,24.609,,120.81790600000001,C0E870,高鐵苗栗,後龍鎮,91.0
274,雲林縣,16.0,,23.631110999999997,,120.21722199999999,C0K280,四湖,四湖鄉,195.0
275,宜蘭縣,7.0,,24.746147,,121.71426899999999,C0U990,員山,員山鄉,74.0
276,嘉義縣,17.0,,23.300847,,120.65666399999999,C0M800,茶山,阿里山鄉,208.0
277,彰化縣,14.0,,23.899417,,120.578083,C0G860,社頭,社頭鄉,163.0
278,花蓮縣,21.0,,23.711022,,121.411969,C0Z200,萬榮,鳳林鎮,184.0
279,嘉義縣,17.0,,23.527931,,120.54737800000001,C0M700,竹崎,竹崎鄉,215.0
280,嘉義縣,17.0,,23.243628,,120.63356399999999,C0M850,表湖,大埔鄉,233.0
281,新北市,6.0,,25.009444000000002,,121.993889,C0A970,三貂角,貢寮區,27.0
282,宜蘭縣,7.0,,24.3704,,121.36501100000001,C0UA20,多加屯,大同鄉,81.0
283,高雄市,5.0,,22.890389000000003,,120.475528,C0V740,旗山,旗山區,283.0
284,雲林縣,16.0,,23.77455,,120.400811,C0K440,二崙,二崙鄉,180.0
285,臺中市,2.0,,24.390375,,121.228197,C0F0A0,雪山圈谷A,和平區,104.0
286,彰化縣,14.0,,24.017778,,120.54405600000001,C0G790,花壇,花壇鄉,146.0
287,臺中市,2.0,,24.201583,,120.8075,C0F9V0,新社,新社區,119.0
288,南投縣,13.0,,23.814322,,120.84165800000001,C0I360,水里,水里鄉,168.0
289,屏東縣,20.0,,21.994167,,120.83666699999999,C0R370,佳樂水,滿州鄉,348.0
290,嘉義縣,17.0,,23.390872,,120.708528,C0M810,里佳,阿里山鄉,208.0
291,臺北市,1.0,,25.004082999999998,,121.567528,C0AC80,文山,文山區,356.0
292,雲林縣,16.0,,23.65605,,120.55161899999999,C0K490,古坑,古坑鄉,196.0
293,臺東縣,22.0,,22.973611,,121.29833300000001,C0S810,東河,東河鄉,264.0
294,屏東縣,20.0,,22.487694,,120.494694,C0R580,南州,南州鄉,338.0
295,花蓮縣,21.0,,23.292536,,121.340419,C0Z330,安通山,玉里鎮,221.0
296,臺南市,4.0,,23.298339000000002,,120.37749199999999,C0X050,東河,東山區,236.0
297,彰化縣,14.0,,23.95175,,120.471056,C0G660,溪湖,溪湖鎮,157.0
298,苗栗縣,11.0,,24.473639000000002,,120.696444,C0E590,通霄,通霄鎮,98.0
299,嘉義縣,17.0,,23.413075,,120.30023100000001,C0M780,鹿草,鹿草鄉,226.0
300,新竹縣,10.0,,24.712925,,121.108733,C0D540,橫山,橫山鄉,78.0
301,臺中市,2.0,,24.349556,,120.69747199999999,C0F9Q0,外埔,外埔區,110.0
302,金門縣,99.0,,24.489931,,118.400617,C0W140,金沙,金沙鎮,999.0
303,雲林縣,16.0,,23.80215,,120.459253,C0K420,西螺,西螺鎮,182.0
304,臺北市,1.0,,25.039606,,121.556372,C0AC70,信義,信義區,38.0
305,花蓮縣,21.0,,24.041264,,121.59638600000001,C0Z180,新城,新城鄉,136.0
306,宜蘭縣,7.0,,24.439167,,121.373333,C0U720,南山,大同鄉,81.0
307,南投縣,13.0,,23.472294,,120.94785300000001,C0I520,玉山風口,信義鄉,175.0
308,新北市,6.0,,25.15225,,121.395306,C0AD10,八里,八里區,9.0
309,臺中市,2.0,,24.250283,,120.89515300000001,C0F0C0,中坑,和平區,104.0
310,臺南市,4.0,,23.104417,,120.219972,C0X150,安定,安定區,261.0
311,嘉義縣,17.0,,23.466407999999998,,120.546028,C0M720,番路,番路鄉,220.0
312,臺南市,4.0,,23.185056,,120.2405,C0X120,麻豆,麻豆區,247.0
313,高雄市,5.0,,22.546944,,120.3845,C0V450,鳳森,小港區,330.0
314,花蓮縣,21.0,,23.347464000000002,,121.20506100000001,C0Z050,佳心,卓溪鄉,207.0
315,屏東縣,20.0,,22.077883,,120.82875800000001,C0R280,檳榔,滿州鄉,348.0
316,苗栗縣,11.0,,24.412778,,120.757778,C0E530,三義,三義鄉,106.0
317,屏東縣,20.0,,22.834889,,120.67580600000001,C0R100,尾寮山,三地門鄉,291.0
318,苗栗縣,11.0,,24.453056,,120.921944,C0E610,馬都安,泰安鄉,101.0
319,南投縣,13.0,,23.930007999999997,,121.08326699999999,C0I490,萬大林道,仁愛鄉,122.0
320,高雄市,5.0,,22.762444,,120.25925,C0V610,梓官,梓官區,303.0
321,花蓮縣,21.0,,24.187944,,121.307833,C0T790,大禹嶺,秀林鄉,108.0
322,南投縣,13.0,,23.729722,,120.77916699999999,C0I090,鳳凰,鹿谷鄉,183.0
323,花蓮縣,21.0,,24.2201,,121.680972,C0Z310,清水斷崖,秀林鄉,108.0
324,桃園市,8.0,,24.979428,,121.24815600000001,C0C700,中壢,中壢區,43.0
325,臺東縣,22.0,,22.686667,,120.997583,C0S700,知本,卑南鄉,289.0
326,臺南市,4.0,,23.332932999999997,,120.499931,C0X240,關子嶺,白河區,228.0
327,花蓮縣,21.0,,23.737072,,121.41199399999999,C0T9G0,鳳林山,鳳林鎮,184.0
328,宜蘭縣,7.0,,24.855031,,121.82258600000002,C0U860,頭城,頭城鎮,51.0
329,嘉義縣,17.0,,23.555011,,120.3376,C0M790,新港,新港鄉,211.0
330,宜蘭縣,7.0,,24.754722,,121.63305600000001,C0U520,雙連埤,員山鄉,74.0
331,苗栗縣,11.0,,24.619833,,120.94055,C0E850,大河,三灣鄉,88.0
332,澎湖縣,23.0,,23.401778,,119.31466699999999,C0W130,花嶼,望安鄉,231.0
333,苗栗縣,11.0,,24.566667000000002,,120.81644399999999,C0E750,苗栗,苗栗市,96.0
334,花蓮縣,21.0,,23.993610999999998,,121.52916699999999,C0T9B0,水源,秀林鄉,108.0
335,屏東縣,20.0,,22.191667000000002,,120.684722,C0R400,楓港,枋山鄉,346.0
336,臺中市,2.0,,24.217056,,120.616239,C0F9X0,大雅(中科園區),大雅區,121.0
337,臺中市,2.0,,24.186278,,120.52083300000001,C0F9R0,龍井,龍井區,115.0
338,彰化縣,14.0,,23.948332999999998,,120.577528,C0G650,員林,員林市,156.0
339,屏東縣,20.0,,22.744444,,120.735556,C0R130,阿禮,霧臺鄉,292.0
340,雲林縣,16.0,,23.703283,,120.189422,C0K530,臺西,臺西鄉,187.0
341,雲林縣,16.0,,23.739206,,120.40981699999999,C0K580,高鐵雲林,虎尾鎮,190.0
342,高雄市,5.0,,22.798844,,120.28688899999999,C0V660,岡山,岡山區,294.0
343,宜蘭縣,7.0,,24.557164,,121.794436,C0UA50,西帽山,南澳鄉,93.0
344,新北市,6.0,,25.073047,,121.772586,C0AH30,五分山,瑞芳區,18.0
345,彰化縣,14.0,,24.035917,,120.495722,C0G780,秀水,秀水鄉,144.0
346,臺中市,2.0,,24.383460999999997,,121.412122,C0F0D0,審馬陣A,和平區,104.0
347,桃園市,8.0,,25.028861,,121.14511100000001,C0C590,觀音,觀音區,32.0
348,雲林縣,16.0,,23.538014,,120.1612,C0K291,宜梧,口湖鄉,201.0
349,花蓮縣,21.0,,23.662497000000002,,121.416839,C0T960,光復,光復鄉,194.0
350,新竹縣,10.0,,24.85175,,121.14261100000002,C0D480,打鐵坑,新埔鎮,63.0
351,嘉義縣,17.0,,23.385575,,120.66010800000001,C0M830,山美,阿里山鄉,208.0
352,苗栗縣,11.0,,24.491528,,120.78263899999999,C0E780,銅鑼,銅鑼鄉,100.0
353,雲林縣,16.0,,23.574658,,120.237839,C0K510,水林,水林鄉,204.0
354,臺東縣,22.0,,22.669025,,121.46726699999999,C0S730,綠島,綠島鄉,315.0
355,彰化縣,14.0,,23.858722,,120.580444,C0G850,田中,田中鎮,170.0
356,高雄市,5.0,,22.856639,,120.25136100000002,C0V750,路竹,路竹區,288.0
357,高雄市,5.0,,22.976944,,120.45833300000001,C0V360,內門,內門區,270.0
358,宜蘭縣,7.0,,24.819336,,121.757397,C0U600,礁溪,礁溪鄉,65.0
359,宜蘭縣,7.0,,24.635528,,121.7855,C0U910,冬山,冬山鄉,87.0
360,新竹縣,10.0,,24.906556,,121.035417,C0D650,湖口,湖口鄉,59.0
361,屏東縣,20.0,,22.371194,,120.58161100000001,C0R380,枋寮,枋寮鄉,358.0
362,高雄市,5.0,,22.908444,,120.17458300000001,C0V630,茄萣,茄萣區,286.0
363,彰化縣,14.0,,23.903417,,120.50138899999999,C0G820,田尾,田尾鄉,167.0
364,屏東縣,20.0,,22.780972,,120.486528,C0R590,里港,里港鄉,295.0
365,臺北市,1.0,,25.092031,,121.49479199999999,C0A9E0,士林,士林區,7.0
366,屏東縣,20.0,,22.694833,,120.53461100000001,C0R480,長治,長治鄉,307.0
367,臺南市,4.0,,23.387811,,120.469225,C0X300,鹿寮,白河區,228.0
368,宜蘭縣,7.0,,24.802436,,121.805683,C0U970,大福,壯圍鄉,72.0
369,嘉義縣,17.0,,23.382610999999997,,120.159667,C0M750,布袋,布袋鎮,225.0
370,新竹縣,10.0,,24.528722,,121.10791699999999,C0D550,雪霸,五峰鄉,89.0
371,桃園市,8.0,,24.884722,,121.25694399999999,C0C630,大溪,大溪區,60.0
372,南投縣,13.0,,23.764722,,120.677778,C0I110,竹山,竹山鎮,178.0
373,高雄市,5.0,,22.895,,120.39388899999999,C0V370,古亭坑,田寮區,284.0
374,新北市,6.0,,24.894394000000002,,121.73751899999999,C0A540,四堵,坪林區,53.0
375,南投縣,13.0,,23.886278,,120.758528,C0H950,中寮,中寮鄉,159.0
376,屏東縣,20.0,,21.947778,,120.79416699999999,C0R360,墾丁,恆春鎮,350.0
377,臺南市,4.0,,22.961306,,120.361194,C0O960,崎頂,龍崎區,273.0
378,新北市,6.0,,25.013028,,121.499889,C0AH10,永和,永和區,45.0
379,臺南市,4.0,,23.349228,,120.406328,C0X210,白河,白河區,228.0
380,新竹縣,10.0,,24.692389000000002,,121.009083,C0D430,峨眉,峨眉鄉,83.0
381,新北市,6.0,,25.088528,,121.464056,C0AD30,蘆洲,蘆洲區,23.0
382,屏東縣,20.0,,22.529111,,120.617056,C0R240,來義,萬巒鄉,319.0
383,宜蘭縣,7.0,,24.51265,,121.59985800000001,C0U960,翠峰湖,大同鄉,81.0
384,花蓮縣,21.0,,23.882433,,121.57383899999999,C0T9E0,大坑,壽豐鄉,161.0
385,基隆市,,,25.1465,,121.7834,C0B050,八斗子,中正區,
386,基隆市,,,25.1685,,121.6988,C0B040,大武崙,安樂區,
387,基隆市,,,25.1176,,121.7204,CAB010,國一S001K,安樂區,
388,基隆市,,,25.0887,,121.6787,CAB020,國一S006K,七堵區,
389,基隆市,,,25.1162,,121.6804,CAB030,國三S004K,七堵區,
390,基隆市,,,25.0987,,121.6596,CAB040,國三S007K,七堵區,
391,基隆市,,,25.1476,,121.7135,CAB050,國三K002K,中山區,
392,臺北市,,,25.1162,,121.5255,CM0020,天母棒球(X),士林區,
393,臺北市,,,25.0981,,121.5083,C0A770,科教館,士林區,
394,臺北市,,,25.1174,,121.5049,C0AI40,石牌,北投區,
395,臺北市,,,25.0575,,121.5947,C0A9G0,南港(X),南港區,
396,臺北市,,,25.0348,,121.6076,CAA040,國三S016K,南港區,
397,臺北市,,,25.0037,,121.5893,CAA090,國三A005K,文山區,
398,新北市,,,25.0585,,121.4813,C0A9I0,三重(X),三重區,
399,新北市,,,25.0585,,121.4813,C0A9I1,三重(X),三重區,
400,新北市,,,25.0592,,121.4924,C0AI30,三重,三重區,
401,新北市,,,24.9934,,121.4836,C0AG80,中和,中和區,
402,新北市,,,25.0044,,121.7346,C0A650,火燒寮,平溪區,
403,新北市,,,25.2849,,121.5108,C0AI20,白沙灣,石門區,
404,新北市,,,25.2755,,121.593,C0AJ40,石門,石門區,
405,新北市,,,24.9958,,121.6546,C0A640,石碇,石碇區,
406,新北市,,,25.0781,,121.37,C0A710,林口(X),林口區,
407,新北市,,,25.2349,,121.587,C0A931,三和(X),金山區,
408,新北市,,,25.0589,,121.919,C0AJ10,澳底,貢寮區,
409,新北市,,,25.0045,,121.6201,C0AH80,深坑,深坑區,
410,新北市,,,25.0031,,121.6095,C0AD20,深坑(X),深坑區,
411,新北市,,,24.9236,,121.5365,C0AI10,屈尺,新店區,
412,新北市,,,24.9242,,121.5381,C0A580,屈尺(X),新店區,
413,新北市,,,25.1255,,121.854,C0AJ50,水湳洞,瑞芳區,
414,新北市,,,25.2088,,121.6818,C0AJ20,野柳,萬里區,
415,新北市,,,25.1864,,121.4004,C0AJ30,淡水觀海,淡水區,
416,新北市,,,25.0782,,121.4882,CAA020,國一S026K,三重區,
417,新北市,,,25.0712,,121.6199,CAA010,國一N013K,汐止區,
418,新北市,,,25.0818,,121.6393,CAA030,國三S010K,汐止區,
419,新北市,,,24.9846,,121.4628,CAA050,國三S037K,土城區,
420,新北市,,,24.9618,,121.4224,CAA060,國三S042K,土城區,
421,新北市,,,24.9526,,121.3876,CAA070,國三N046K,樹林區,
422,新北市,,,24.9409,,121.3157,CAA080,國三S054K,鶯歌區,
423,桃園市,,,25.1145,,121.2316,C0C720,竹圍,大園區,
424,桃園市,,,24.8947,,121.3168,C0C710,大溪永福,大溪區,
425,桃園市,,,24.9695,,121.1771,C0C520,中壢(X),中壢區,
426,桃園市,,,25.0331,,121.3664,C0C640,龜山(X),龜山區,
427,桃園市,,,24.9679,,121.0004,C0C730,中大臨海站,新屋區,
428,桃園市,,,25.0665,,121.1066,C0C740,觀音工業區,觀音區,
429,桃園市,,,25.0656,,121.3328,C0C690,國一五楊N44K,龜山區,
430,桃園市,,,24.8976,,121.126,CAC010,國一S072K,楊梅區,
431,桃園市,,,25.0229,,121.2654,CAC020,國二E009K,桃園區,
432,桃園市,,,24.8908,,121.2518,CAC030,國三N063K,大溪區,
433,新竹市,,,24.8337,,121.9062,C0D670,海天一線,北區,
434,新竹市,,,24.7854,,120.9068,C0D680,香山濕地,香山區,
435,新竹縣,,,24.9195,,120.9605,C0D690,外湖,新豐鄉,
436,新竹縣,,,24.8525,,120.9982,CM0100,水試所竹北(X),竹北市,
437,新竹市,,,24.7995,,121.0007,CAD050,國一N094K,東區,
438,新竹市,,,24.7604,,120.9526,CAD090,國三S103K,東區,
439,新竹縣,,,24.8868,,121.0807,CAD020,國一N077K,湖口鄉,
440,新竹縣,,,24.8784,,121.0385,CAD030,國一S082K,湖口鄉,
441,新竹縣,,,24.8462,,121.0132,CAD040,國一S088K,竹北市,
442,新竹縣,,,24.7624,,120.9829,CAD060,國一S098K,寶山鄉,
443,新竹縣,,,24.8021,,121.1875,CAD070,國三N076K,關西鎮,
444,新竹縣,,,24.7851,,121.1129,CAD080,國三N085K,關西鎮,
445,苗栗縣,,,25.0377,,120.7416,C0E880,三義,三義鄉,
446,苗栗縣,,,24.7018,,120.8509,C0E930,龍鳳,竹南鎮,
447,苗栗縣,,,24.6505,,120.7642,C0E910,海埔,後龍鎮,
448,苗栗縣,,,24.5003,,120.6657,C0E920,通霄漁港,通霄鎮,
449,臺中市,,,24.4309,,120.6093,C0FA10,松柏,大甲區,
450,臺中市,,,24.3739,,120.575,C0FA20,溫寮,大安區,
451,臺中市,,,24.2209,,120.5993,C0F990,橫山(X),大雅區,
452,臺中市,,,24.2819,,120.7621,C0F920,石岡(X),石岡區,
453,臺中市,,,24.3002,,120.7294,CM0190,后里馬場(X),后里區,
454,臺中市,,,24.3013,,120.7249,CM0040,花博后里(X),后里區,
455,臺中市,,,24.245,,121.2377,C0F861,梨山(X),和平區,
456,臺中市,,,24.2903,,120.8964,C0F900,雙崎(X),和平區,
457,臺中市,,,24.2753,,120.9394,C0FA00,烏石坑,和平區,
458,彰化縣,,,23.8506,,120.2719,C0G710,臺西(X),大城鄉,
459,彰化縣,,,24.1411,,120.4354,C0G900,線西,線西鄉,
460,彰化縣,,,24.0321,,120.5413,C0G910,花壇,花壇鄉,
461,彰化縣,,,23.9487,,120.5176,C0G810,埔心,埔心鄉,
462,彰化縣,,,23.8678,,120.4447,C0G830,埤頭,埤頭鄉,
463,彰化縣,,,24.091,,120.4288,CM0110,水試所鹿港(X),鹿港鎮,
464,彰化縣,,,23.9265,,120.5394,C0G920,永靖,永靖鄉,
465,彰化縣,,,23.85,,120.3786,C0G940,竹塘,竹塘鄉,
466,南投縣,,,23.4723,,120.9479,C0M840,玉山風口(X),信義鄉,
467,雲林縣,,,23.5374,,120.161,C0K290,宜梧(X),口湖鄉,
468,雲林縣,,,23.7184,,120.1837,CM0120,水試所臺西(X),台西鄉,
469,雲林縣,,,23.7753,,120.6313,CM0170,國三林內(X),林內鄉,
470,雲林縣,,,23.7209,,120.4339,C0K330,虎尾,虎尾鎮,
471,嘉義縣,,,23.3398,,120.6752,C0M860,新美,阿里山鄉,
472,臺南市,,,23.1226,,120.0716,CM0130,水試所七股(X),七股區,
473,臺南市,,,23.1206,,120.3528,C0O860,大內,大內區,
474,臺南市,,,23.3289,,120.5036,C0X020,關子嶺(X),白河區,
475,臺南市,,,23.255,,120.3672,C0X320,柳營,柳營區,
476,臺南市,,,23.2942,,120.3139,C0O910,新營(X),柳營區,
477,臺南市,,,22.9649,,120.3197,C0X170,關廟,關廟區,
478,高雄市,,,22.9998,,120.6255,C0V800,六龜,六龜區,
479,高雄市,,,23.1502,,120.6252,C0V820,小林,甲仙區,
480,高雄市,,,23.2619,,120.6561,C0V150,表湖(X),那瑪夏區,
481,高雄市,,,22.8849,,120.3195,C0V530,阿蓮,阿蓮區,
482,高雄市,,,22.8903,,120.656,CM0180,茂林蝶谷,茂林區,
483,屏東縣,,,22.5866,,120.5359,C0R500,竹田(X),竹田鄉,
484,屏東縣,,,22.1318,,120.7846,C1R340,牡丹(X),牡丹鄉,
485,屏東縣,,,22.1318,,120.7846,C0R340,牡丹,牡丹鄉,
486,屏東縣,,,22.2072,,120.8796,C0R720,旭海,牡丹鄉,
487,屏東縣,,,22.1318,,120.7846,C0R750,四林格山,牡丹鄉,
488,屏東縣,,,22.1438,,120.8863,C0R790,九棚,牡丹鄉,
489,屏東縣,,,22.1236,,120.8288,C0R830,高士,牡丹鄉,
490,屏東縣,,,22.1702,,120.8332,C0R840,牡丹池山,牡丹鄉,
491,屏東縣,,,22.1919,,120.6841,C0R670,楓港,枋山鄉,
492,屏東縣,,,22.2486,,120.6531,C0R700,枋山,枋山鄉,
493,屏東縣,,,22.3695,,120.5826,C0R660,枋寮,枋寮鄉,
494,屏東縣,,,22.4667,,120.4333,C0R430,東港(X),東港鎮,
495,屏東縣,,,23.9025,,120.7041,CM0160,大鵬灣,東港鎮,
496,屏東縣,,,21.9686,,120.8023,C0R690,墾丁,恆春鎮,
497,屏東縣,,,21.9335,,120.8309,C0R710,龍磐,恆春鎮,
498,屏東縣,,,22.0264,,120.6855,C0R730,大坪頂,恆春鎮,
499,屏東縣,,,22.4059,,120.7451,C0R440,大漢山,春日鄉,
500,屏東縣,,,22.4059,,120.7451,C1R440,大漢山(X),春日鄉,
501,屏東縣,,,22.334,,120.3542,C0R270,琉球嶼,琉球鄉,
502,屏東縣,,,21.9954,,120.8536,C0R680,佳樂水,滿州鄉,
503,屏東縣,,,22.0865,,120.8553,C0R760,南仁湖,滿洲鄉,
504,屏東縣,,,22.0262,,120.8319,C0R780,滿州,滿州鄉,
505,屏東縣,,,22.0758,,120.7081,C1R320,車城(X),車城鄉,
506,屏東縣,,,22.0758,,120.7081,C0R320,車城,車城鄉,
507,屏東縣,,,22.0729,,120.756,C0R770,保力,車城鄉,
508,屏東縣,,,22.2034,,120.6972,C0R740,獅子,獅子鄉,
509,屏東縣,,,22.2063,,120.743,C0R800,丹路,獅子鄉,
510,屏東縣,,,22.3069,,120.635,C0R810,內獅,獅子鄉,
511,屏東縣,,,22.4561,,120.6582,C0R820,白鷺,來義鄉,
512,宜蘭縣,,,24.6342,,121.7853,C0U680,冬山(X),冬山鄉,
513,宜蘭縣,,,24.7456,,121.7814,C0U620,壯圍(X),壯圍鄉,
514,宜蘭縣,,,24.4392,,121.3733,C1U720,南山(X),大同鄉,
515,宜蘭縣,,,24.3989,,121.3486,C0U730,思源(X),大同鄉,
516,宜蘭縣,,,24.825,,121.7222,C0UB00,淡江大學蘭陽校園,礁溪鄉,
517,宜蘭縣,,,24.855,,121.8226,C1U860,頭城(X),頭城鎮,
518,宜蘭縣,,,24.9436,,121.8947,C0UA80,大溪漁港,頭城鎮,
519,宜蘭縣,,,24.9822,,121.943,C0UA90,石城,頭城鎮,
520,花蓮縣,,,24.1497,,121.6219,C0T9C0,富世(X),秀林鄉,
521,花蓮縣,,,23.3233,,121.3316,C0Z060,玉里(X),玉里鎮,
522,花蓮縣,,,23.1734,,121.2413,C0T9N0,富里,富里鄉,
523,花蓮縣,,,24.0397,,121.6012,C0T840,新城(x),新城鄉,
524,花蓮縣,,,23.8439,,121.4995,C0Z260,豐裡(X),壽豐鄉,
525,臺東縣,,,22.5228,,120.8838,C0SA00,歷坵,太麻里鄉,
526,臺東縣,,,22.5692,,120.9516,C0SA20,金崙山,太麻里鄉,
527,臺東縣,,,22.5894,,120.9853,C0S960,香蘭,太麻里鄉,
528,臺東縣,,,22.8118,,121.1012,C0SA10,檳榔四格山,卑南鄉,
529,臺東縣,,,22.9217,,121.0311,C0S680,紅葉山(X),延平鄉,
530,臺東縣,,,22.9044,,121.076,C0S930,延平,延平鄉,
531,臺東縣,,,23.2256,,121.3985,C0S940,石寧山,長濱鄉,
532,臺東縣,,,23.1522,,121.0622,C1S660,下馬(X),海端鄉,
533,臺東縣,,,23.1522,,121.0622,C0S660,下馬,海端鄉,
534,臺東縣,,,22.9563,,121.2218,C0S950,七塊厝,海端鄉,
535,臺東縣,,,22.9761,,121.1486,C0SA40,瑞和,鹿野鄉,
536,臺東縣,,,22.4322,,120.8857,C0S980,勝林山,達仁鄉,
537,臺東縣,,,22.4549,,120.8795,C0SA80,土阪,達仁鄉,
538,臺東縣,,,22.2661,,120.8159,C0SA90,達仁林場,達仁鄉,
539,臺東縣,,,23.1014,,121.3753,CM0140,水試所成功,成功鎮,
540,臺東縣,,,23.0221,,121.3156,C0SA30,都歷,成功鎮,
541,臺東縣,,,22.7042,,121.0747,CM0150,水試所知本(X),臺東市,
542,臺東縣,,,22.7041,,121.0746,C0SA60,知本(水試所),臺東市,
543,臺東縣,,,22.5966,,120.9528,C0S920,金峰嘉蘭,金峰鄉,
544,臺東縣,,,22.418,,120.9189,C0S970,加津林,大武鄉,
545,臺東縣,,,22.3204,,120.8493,C0S990,山豬窟,大武鄉,
546,金門縣,,,24.9961,,119.4413,C0W160,烏坵(X),金沙鎮,
547,連江縣,,,25.9669,,119.9724,C0W110,東莒,莒光鄉,
